"Type","Group","Name","Version","Licenses","Purl"
"library","androidx.activity","activity","1.13.0","Apache-2.0","pkg:maven/androidx.activity/activity@1.13.0?type=aar"
"library","androidx.activity","activity-compose","1.13.0","Apache-2.0","pkg:maven/androidx.activity/activity-compose@1.13.0?type=aar"
"library","androidx.activity","activity-ktx","1.13.0","Apache-2.0","pkg:maven/androidx.activity/activity-ktx@1.13.0?type=aar"
"library","androidx.annotation","annotation","1.9.1","Apache-2.0","pkg:maven/androidx.annotation/annotation@1.9.1?type=pom"
"library","androidx.annotation","annotation-experimental","1.4.1","Apache-2.0","pkg:maven/androidx.annotation/annotation-experimental@1.4.1?type=aar"
"library","androidx.annotation","annotation-jvm","1.9.1","Apache-2.0","pkg:maven/androidx.annotation/annotation-jvm@1.9.1?type=jar"
"library","androidx.arch.core","core-common","2.2.0","Apache-2.0","pkg:maven/androidx.arch.core/core-common@2.2.0?type=jar"
"library","androidx.arch.core","core-runtime","2.2.0","Apache-2.0","pkg:maven/androidx.arch.core/core-runtime@2.2.0?type=aar"
"library","androidx.autofill","autofill","1.0.0","Apache-2.0","pkg:maven/androidx.autofill/autofill@1.0.0?type=aar"
"library","androidx.collection","collection","1.5.0","Apache-2.0","pkg:maven/androidx.collection/collection@1.5.0?type=pom"
"library","androidx.collection","collection-jvm","1.5.0","Apache-2.0","pkg:maven/androidx.collection/collection-jvm@1.5.0?type=jar"
"library","androidx.collection","collection-ktx","1.5.0","Apache-2.0","pkg:maven/androidx.collection/collection-ktx@1.5.0?type=jar"
"library","androidx.compose","compose-bom","2026.08.00","Apache-2.0","pkg:maven/androidx.compose/compose-bom@2026.08.00?type=pom"
"library","androidx.compose.animation","animation","1.12.0","Apache-2.0","pkg:maven/androidx.compose.animation/animation@1.12.0?type=pom"
"library","androidx.compose.animation","animation-android","1.12.0","Apache-2.0","pkg:maven/androidx.compose.animation/animation-android@1.12.0?type=aar"
"library","androidx.compose.animation","animation-core","1.12.0","Apache-2.0","pkg:maven/androidx.compose.animation/animation-core@1.12.0?type=pom"
"library","androidx.compose.animation","animation-core-android","1.12.0","Apache-2.0","pkg:maven/androidx.compose.animation/animation-core-android@1.12.0?type=aar"
"library","androidx.compose.foundation","foundation","1.12.0","Apache-2.0","pkg:maven/androidx.compose.foundation/foundation@1.12.0?type=pom"
"library","androidx.compose.foundation","foundation-android","1.12.0","Apache-2.0","pkg:maven/androidx.compose.foundation/foundation-android@1.12.0?type=aar"
"library","androidx.compose.foundation","foundation-layout","1.12.0","Apache-2.0","pkg:maven/androidx.compose.foundation/foundation-layout@1.12.0?type=pom"
"library","androidx.compose.foundation","foundation-layout-android","1.12.0","Apache-2.0","pkg:maven/androidx.compose.foundation/foundation-layout-android@1.12.0?type=aar"
"library","androidx.compose.material","material-icons-core","1.7.8","Apache-2.0","pkg:maven/androidx.compose.material/material-icons-core@1.7.8?type=pom"
"library","androidx.compose.material","material-icons-core-android","1.7.8","Apache-2.0","pkg:maven/androidx.compose.material/material-icons-core-android@1.7.8?type=aar"
"library","androidx.compose.material","material-ripple","1.12.0","Apache-2.0","pkg:maven/androidx.compose.material/material-ripple@1.12.0?type=pom"
"library","androidx.compose.material","material-ripple-android","1.12.0","Apache-2.0","pkg:maven/androidx.compose.material/material-ripple-android@1.12.0?type=aar"
"library","androidx.compose.material3","material3","1.4.0","Apache-2.0","pkg:maven/androidx.compose.material3/material3@1.4.0?type=pom"
"library","androidx.compose.material3","material3-android","1.4.0","Apache-2.0","pkg:maven/androidx.compose.material3/material3-android@1.4.0?type=aar"
"library","androidx.compose.runtime","runtime","1.12.0","Apache-2.0","pkg:maven/androidx.compose.runtime/runtime@1.12.0?type=pom"
"library","androidx.compose.runtime","runtime-android","1.12.0","Apache-2.0","pkg:maven/androidx.compose.runtime/runtime-android@1.12.0?type=aar"
"library","androidx.compose.runtime","runtime-annotation","1.12.0","Apache-2.0","pkg:maven/androidx.compose.runtime/runtime-annotation@1.12.0?type=pom"
"library","androidx.compose.runtime","runtime-annotation-android","1.12.0","Apache-2.0","pkg:maven/androidx.compose.runtime/runtime-annotation-android@1.12.0?type=aar"
"library","androidx.compose.runtime","runtime-retain","1.12.0","Apache-2.0","pkg:maven/androidx.compose.runtime/runtime-retain@1.12.0?type=pom"
"library","androidx.compose.runtime","runtime-retain-android","1.12.0","Apache-2.0","pkg:maven/androidx.compose.runtime/runtime-retain-android@1.12.0?type=aar"
"library","androidx.compose.runtime","runtime-saveable","1.12.0","Apache-2.0","pkg:maven/androidx.compose.runtime/runtime-saveable@1.12.0?type=pom"
"library","androidx.compose.runtime","runtime-saveable-android","1.12.0","Apache-2.0","pkg:maven/androidx.compose.runtime/runtime-saveable-android@1.12.0?type=aar"
"library","androidx.compose.ui","ui","1.12.0","Apache-2.0","pkg:maven/androidx.compose.ui/ui@1.12.0?type=pom"
"library","androidx.compose.ui","ui-android","1.12.0","Apache-2.0","pkg:maven/androidx.compose.ui/ui-android@1.12.0?type=aar"
"library","androidx.compose.ui","ui-geometry","1.12.0","Apache-2.0","pkg:maven/androidx.compose.ui/ui-geometry@1.12.0?type=pom"
"library","androidx.compose.ui","ui-geometry-android","1.12.0","Apache-2.0","pkg:maven/androidx.compose.ui/ui-geometry-android@1.12.0?type=aar"
"library","androidx.compose.ui","ui-graphics","1.12.0","Apache-2.0","pkg:maven/androidx.compose.ui/ui-graphics@1.12.0?type=pom"
"library","androidx.compose.ui","ui-graphics-android","1.12.0","Apache-2.0","pkg:maven/androidx.compose.ui/ui-graphics-android@1.12.0?type=aar"
"library","androidx.compose.ui","ui-text","1.12.0","Apache-2.0","pkg:maven/androidx.compose.ui/ui-text@1.12.0?type=pom"
"library","androidx.compose.ui","ui-text-android","1.12.0","Apache-2.0","pkg:maven/androidx.compose.ui/ui-text-android@1.12.0?type=aar"
"library","androidx.compose.ui","ui-tooling-preview","1.12.0","Apache-2.0","pkg:maven/androidx.compose.ui/ui-tooling-preview@1.12.0?type=pom"
"library","androidx.compose.ui","ui-tooling-preview-android","1.12.0","Apache-2.0","pkg:maven/androidx.compose.ui/ui-tooling-preview-android@1.12.0?type=aar"
"library","androidx.compose.ui","ui-unit","1.12.0","Apache-2.0","pkg:maven/androidx.compose.ui/ui-unit@1.12.0?type=pom"
"library","androidx.compose.ui","ui-unit-android","1.12.0","Apache-2.0","pkg:maven/androidx.compose.ui/ui-unit-android@1.12.0?type=aar"
"library","androidx.compose.ui","ui-util","1.12.0","Apache-2.0","pkg:maven/androidx.compose.ui/ui-util@1.12.0?type=pom"
"library","androidx.compose.ui","ui-util-android","1.12.0","Apache-2.0","pkg:maven/androidx.compose.ui/ui-util-android@1.12.0?type=aar"
"library","androidx.concurrent","concurrent-futures","1.1.0","Apache-2.0","pkg:maven/androidx.concurrent/concurrent-futures@1.1.0?type=jar"
"library","androidx.core","core","1.18.0","Apache-2.0","pkg:maven/androidx.core/core@1.18.0?type=aar"
"library","androidx.core","core-ktx","1.18.0","Apache-2.0","pkg:maven/androidx.core/core-ktx@1.18.0?type=aar"
"library","androidx.core","core-viewtree","1.0.0","Apache-2.0","pkg:maven/androidx.core/core-viewtree@1.0.0?type=aar"
"library","androidx.customview","customview-poolingcontainer","1.0.0","Apache-2.0","pkg:maven/androidx.customview/customview-poolingcontainer@1.0.0?type=aar"
"library","androidx.emoji2","emoji2","1.4.0","Apache-2.0","pkg:maven/androidx.emoji2/emoji2@1.4.0?type=aar"
"library","androidx.graphics","graphics-path","1.0.1","Apache-2.0","pkg:maven/androidx.graphics/graphics-path@1.0.1?type=aar"
"library","androidx.interpolator","interpolator","1.0.0","Apache-2.0","pkg:maven/androidx.interpolator/interpolator@1.0.0?type=aar"
"library","androidx.lifecycle","lifecycle-common","2.10.0","Apache-2.0","pkg:maven/androidx.lifecycle/lifecycle-common@2.10.0?type=pom"
"library","androidx.lifecycle","lifecycle-common-java8","2.10.0","Apache-2.0","pkg:maven/androidx.lifecycle/lifecycle-common-java8@2.10.0?type=jar"
"library","androidx.lifecycle","lifecycle-common-jvm","2.10.0","Apache-2.0","pkg:maven/androidx.lifecycle/lifecycle-common-jvm@2.10.0?type=jar"
"library","androidx.lifecycle","lifecycle-livedata-core","2.10.0","Apache-2.0","pkg:maven/androidx.lifecycle/lifecycle-livedata-core@2.10.0?type=aar"
"library","androidx.lifecycle","lifecycle-process","2.10.0","Apache-2.0","pkg:maven/androidx.lifecycle/lifecycle-process@2.10.0?type=aar"
"library","androidx.lifecycle","lifecycle-runtime","2.10.0","Apache-2.0","pkg:maven/androidx.lifecycle/lifecycle-runtime@2.10.0?type=pom"
"library","androidx.lifecycle","lifecycle-runtime-android","2.10.0","Apache-2.0","pkg:maven/androidx.lifecycle/lifecycle-runtime-android@2.10.0?type=aar"
"library","androidx.lifecycle","lifecycle-runtime-compose","2.10.0","Apache-2.0","pkg:maven/androidx.lifecycle/lifecycle-runtime-compose@2.10.0?type=pom"
"library","androidx.lifecycle","lifecycle-runtime-compose-android","2.10.0","Apache-2.0","pkg:maven/androidx.lifecycle/lifecycle-runtime-compose-android@2.10.0?type=aar"
"library","androidx.lifecycle","lifecycle-runtime-ktx","2.10.0","Apache-2.0","pkg:maven/androidx.lifecycle/lifecycle-runtime-ktx@2.10.0?type=pom"
"library","androidx.lifecycle","lifecycle-runtime-ktx-android","2.10.0","Apache-2.0","pkg:maven/androidx.lifecycle/lifecycle-runtime-ktx-android@2.10.0?type=aar"
"library","androidx.lifecycle","lifecycle-viewmodel","2.10.0","Apache-2.0","pkg:maven/androidx.lifecycle/lifecycle-viewmodel@2.10.0?type=pom"
"library","androidx.lifecycle","lifecycle-viewmodel-android","2.10.0","Apache-2.0","pkg:maven/androidx.lifecycle/lifecycle-viewmodel-android@2.10.0?type=aar"
"library","androidx.lifecycle","lifecycle-viewmodel-compose","2.10.0","Apache-2.0","pkg:maven/androidx.lifecycle/lifecycle-viewmodel-compose@2.10.0?type=pom"
"library","androidx.lifecycle","lifecycle-viewmodel-compose-android","2.10.0","Apache-2.0","pkg:maven/androidx.lifecycle/lifecycle-viewmodel-compose-android@2.10.0?type=aar"
"library","androidx.lifecycle","lifecycle-viewmodel-ktx","2.10.0","Apache-2.0","pkg:maven/androidx.lifecycle/lifecycle-viewmodel-ktx@2.10.0?type=aar"
"library","androidx.lifecycle","lifecycle-viewmodel-savedstate","2.10.0","Apache-2.0","pkg:maven/androidx.lifecycle/lifecycle-viewmodel-savedstate@2.10.0?type=pom"
"library","androidx.lifecycle","lifecycle-viewmodel-savedstate-android","2.10.0","Apache-2.0","pkg:maven/androidx.lifecycle/lifecycle-viewmodel-savedstate-android@2.10.0?type=aar"
"library","androidx.navigationevent","navigationevent","1.0.0","Apache-2.0","pkg:maven/androidx.navigationevent/navigationevent@1.0.0?type=pom"
"library","androidx.navigationevent","navigationevent-android","1.0.0","Apache-2.0","pkg:maven/androidx.navigationevent/navigationevent-android@1.0.0?type=aar"
"library","androidx.navigationevent","navigationevent-compose","1.0.0","Apache-2.0","pkg:maven/androidx.navigationevent/navigationevent-compose@1.0.0?type=pom"
"library","androidx.navigationevent","navigationevent-compose-android","1.0.0","Apache-2.0","pkg:maven/androidx.navigationevent/navigationevent-compose-android@1.0.0?type=aar"
"library","androidx.profileinstaller","profileinstaller","1.4.0","Apache-2.0","pkg:maven/androidx.profileinstaller/profileinstaller@1.4.0?type=aar"
"library","androidx.savedstate","savedstate","1.4.0","Apache-2.0","pkg:maven/androidx.savedstate/savedstate@1.4.0?type=pom"
"library","androidx.savedstate","savedstate-android","1.4.0","Apache-2.0","pkg:maven/androidx.savedstate/savedstate-android@1.4.0?type=aar"
"library","androidx.savedstate","savedstate-compose","1.4.0","Apache-2.0","pkg:maven/androidx.savedstate/savedstate-compose@1.4.0?type=pom"
"library","androidx.savedstate","savedstate-compose-android","1.4.0","Apache-2.0","pkg:maven/androidx.savedstate/savedstate-compose-android@1.4.0?type=aar"
"library","androidx.savedstate","savedstate-ktx","1.4.0","Apache-2.0","pkg:maven/androidx.savedstate/savedstate-ktx@1.4.0?type=aar"
"library","androidx.startup","startup-runtime","1.1.1","Apache-2.0","pkg:maven/androidx.startup/startup-runtime@1.1.1?type=aar"
"library","androidx.tracing","tracing","1.2.0","Apache-2.0","pkg:maven/androidx.tracing/tracing@1.2.0?type=aar"
"library","androidx.versionedparcelable","versionedparcelable","1.1.1","Apache-2.0","pkg:maven/androidx.versionedparcelable/versionedparcelable@1.1.1?type=aar"
"library","androidx.window","window","1.5.0","Apache-2.0","pkg:maven/androidx.window/window@1.5.0?type=aar"
"library","androidx.window","window-core","1.5.0","Apache-2.0","pkg:maven/androidx.window/window-core@1.5.0?type=pom"
"library","androidx.window","window-core-android","1.5.0","Apache-2.0","pkg:maven/androidx.window/window-core-android@1.5.0?type=aar"
"library","com.google.guava","listenablefuture","1.0","Apache-2.0","pkg:maven/com.google.guava/listenablefuture@1.0?type=jar"
"library","org.jetbrains","annotations","23.0.0","Apache-2.0","pkg:maven/org.jetbrains/annotations@23.0.0?type=jar"
"library","org.jetbrains.kotlin","kotlin-stdlib","2.3.21","Apache-2.0","pkg:maven/org.jetbrains.kotlin/kotlin-stdlib@2.3.21?type=jar"
"library","org.jetbrains.kotlin","kotlin-stdlib-common","2.3.21","Apache-2.0","pkg:maven/org.jetbrains.kotlin/kotlin-stdlib-common@2.3.21?type=pom"
"library","org.jetbrains.kotlinx","kotlinx-coroutines-android","1.10.2","Apache-2.0","pkg:maven/org.jetbrains.kotlinx/kotlinx-coroutines-android@1.10.2?type=jar"
"library","org.jetbrains.kotlinx","kotlinx-coroutines-bom","1.10.2","Apache-2.0","pkg:maven/org.jetbrains.kotlinx/kotlinx-coroutines-bom@1.10.2?type=pom"
"library","org.jetbrains.kotlinx","kotlinx-coroutines-core","1.10.2","Apache-2.0","pkg:maven/org.jetbrains.kotlinx/kotlinx-coroutines-core@1.10.2?type=pom"
"library","org.jetbrains.kotlinx","kotlinx-coroutines-core-jvm","1.10.2","Apache-2.0","pkg:maven/org.jetbrains.kotlinx/kotlinx-coroutines-core-jvm@1.10.2?type=jar"
"library","org.jetbrains.kotlinx","kotlinx-serialization-bom","1.7.3","Apache-2.0","pkg:maven/org.jetbrains.kotlinx/kotlinx-serialization-bom@1.7.3?type=pom"
"library","org.jetbrains.kotlinx","kotlinx-serialization-core","1.7.3","Apache-2.0","pkg:maven/org.jetbrains.kotlinx/kotlinx-serialization-core@1.7.3?type=pom"
"library","org.jetbrains.kotlinx","kotlinx-serialization-core-jvm","1.7.3","Apache-2.0","pkg:maven/org.jetbrains.kotlinx/kotlinx-serialization-core-jvm@1.7.3?type=jar"
"library","org.jspecify","jspecify","1.0.0","Apache-2.0","pkg:maven/org.jspecify/jspecify@1.0.0?type=jar"
